Model,Task,Accuracy,F1 Score,Precision,Recall,AUROC,Bias Score
bert-base-uncased,3class,0.7009880395215808,0.6936613933983642,0.6939759521210437,0.6933867246999079,0.8566617881776595,0.0674198793235299
distilbert-base-uncased,3class,0.6827873114924597,0.6718645488498428,0.6725341035175628,0.6719558711522661,0.8460765975013756,0.07901664702234862
bert-base-uncased,binary,0.7805512220488819,0.7763031382935321,0.7744216442722562,0.7822490587530917,0.8666540718599128,0.05732601638037742
distilbert-base-uncased,binary,0.7763910556422257,0.771076498859383,0.7690924584295689,0.7751036548858508,0.8661422443272914,0.06371196613390707
